Age,Gender,Weight_kg,Height_cm,Blood_Pressure_Systolic,Blood_Pressure_Diastolic,Cholesterol_mg_dL,Diabetes_Status,Activity_Level,Diet_Recommendation
56,Other,70,165,134,83,153,Pre-diabetes,High,Balanced
69,Other,82,164,123,86,203,Type-2,Low,Low_Sodium
46,Male,61,152,118,73,242,Type-2,Moderate,Balanced
32,Other,71,186,135,87,212,Pre-diabetes,Low,High_Protein
60,Female,93,156,111,77,167,Type-2,Low,Balanced
25,Male,74,170,129,73,239,No,Low,High_Protein
38,Female,98,158,137,71,193,Pre-diabetes,Low,High_Protein
56,Female,76,188,116,75,183,No,High,High_Protein
36,Female,91,167,117,91,223,No,Low,Low_Sodium
40,Female,77,153,144,79,211,Pre-diabetes,Low,Low_Sodium
